<?xml version="1.0" encoding="UTF-8"?>
<templates>
    <t t-extend="Chrome">
        <t t-jquery=".pos-logo" t-operation="replace">
            <img class="pos-logo" t-att-src="widget.pos.company &amp;&amp; widget.pos.company.logo ? 'data:image/png;base64,' + widget.pos.company.logo : widget.pos.company_logo_base64" />
        </t>
    </t>
    <t t-extend="PosTicket">
         <t t-jquery=".pos-sale-ticket div:first" t-operation="after">
	     <t t-if="widget.pos.config.print_orderno_barcode">
		<div class="pos-center-align" id="ticket-barcode"><t t-if="order.uid"><t t-esc="order.uid"/></t><t t-if="order.get('uid')"><t t-esc="order.get('uid')"/></t></div>
	    </t>
	    <t t-if="widget.pos.config.print_company_logo">
		<div id="company_logo"><img t-att-src="widget.pos.company &amp;&amp; widget.pos.company.logo ? 'data:image/png;base64,' + widget.pos.company.logo : widget.pos.company_logo_base64" style="padding-top: 4px; height: 50px; max-width: 100%;" /></div>
	    </t>
        </t>
    </t>
    <t t-extend="Product">
	<t t-jquery=".product-img" t-operation="append">
	    <span t-attf-class="qty-tag #{product.qty_available lte 0 ? 'not-available':''}">
		<t t-set='unit_id' t-value='product.uom_id[0]'/>
		<t t-if="unit_id">
		    <t t-set='qty_available_round' t-value='Math.ceil(Math.log(1.0 / widget.pos.units_by_id[unit_id].rounding) / Math.log(10))'/>
		</t>
		<t t-if="!unit_id">
		     <t t-set='qty_available_round' t-value='2'/>
		</t>
		<t t-esc="product.qty_available.toFixed(qty_available_round)"/>
	    </span>
	</t>
    </t>
    <t t-extend="Orderline">
	    <t t-jquery=".info-list>t:first-child">
	this.attr('t-if', "line.get_quantity_str() !== '1' || line.selected || line.get_product().qty_available lt line.quantity ");
    </t>
	    <t t-jquery="t[t-esc='line.get_quantity_str()']" t-operation="after">
		<t t-set='cur_product' t-value='line.get_product()'/>
		<t t-set='unit_id' t-value='cur_product.uom_id[0]'/>
		<t t-if="unit_id">
		    <t t-set='qty_available_round' t-value='Math.ceil(Math.log(1.0 / widget.pos.units_by_id[unit_id].rounding) / Math.log(10))'/>
		</t>
		<t t-if="!unit_id">
		     <t t-set='qty_available_round' t-value='2'/>
		</t>
		    <t t-set='qty_available' t-value='cur_product.qty_available.toFixed(qty_available_round)'/>
		    (of <span t-attf-class="qty-info #{qty_available lt line.quantity ? 'not-available':''}"><t t-esc="qty_available"/></span>)
	    </t>
    </t>
</templates>
